id;code;user_info;created_at;updated_at
1;deposit;deposit;2022-06-29;2022-06-30
2;redundant input hardware;ability;2022-06-29;2022-06-30
3;experiences Unbranded;Strategist front-end Chicken;2022-06-29;2022-06-30
4;front-end innovate;envisioneer Global Phased;2022-06-30;2022-06-30
5;navigating Granite;compressing Granite;2022-06-29;2022-06-29
6;port salmon;demand-driven Bacon Chips;2022-06-29;2022-06-30
7;California;plug-and-play well-modulated AGP;2022-06-30;2022-06-30
8;Intelligent National;full-range;2022-06-29;2022-06-29
9;user-facing port Niger;core action-items calculating;2022-06-29;2022-06-29
10;Unbranded Lucia Cambridgeshire;technologies wireless quantifying;2022-06-30;2022-06-30
