id;hash_code;user_info;created_at;updated_at
1;Andorra Planner;primary Mouse;2022-06-29;2022-06-30
2;Investor Rubber Unions;bypassing Algeria Brunei;2022-06-30;2022-06-30
3;Account synthesize support;even-keeled;2022-06-30;2022-06-30
4;Towels;Intelligent copy;2022-06-29;2022-06-29
5;olive Rubber Officer;Automated;2022-06-30;2022-06-30
6;attitude Unbranded Cotton;index;2022-06-29;2022-06-30
7;hierarchy target;up;2022-06-30;2022-06-30
8;maximized Market;Cross-group;2022-06-29;2022-06-29
9;Rhode pricing synthesize;Spain Ergonomic;2022-06-30;2022-06-30
10;parsing Savings;Director;2022-06-30;2022-06-29
