id;hash_code;attempt_question_count;event_id;event_type;created_at;updated_at
1;budgetary Maryland Diverse;28381;networks web-enabled Barbados;Mandatory Shoes;2022-06-30;2022-06-30
2;invoice Designer Rhode;83348;experiences;Afghanistan;2022-06-29;2022-06-30
3;Rhode architecture Kids;86616;quantifying Senior Marketing;USB;2022-06-29;2022-06-29
4;Technician Granite Technician;46028;Sleek Fantastic e-business;Escudo;2022-06-29;2022-06-29
5;withdrawal Borders;99722;3rd panel;Franc;2022-06-30;2022-06-30
6;infomediaries Dynamic;52934;Liaison Oklahoma;azure;2022-06-29;2022-06-29
7;driver Fresh;36564;Buckinghamshire;HDD;2022-06-30;2022-06-30
8;capacitor Directives;17470;Money Response Account;Falls Market;2022-06-30;2022-06-30
9;Mandatory;78348;Australian;functionalities;2022-06-30;2022-06-29
10;Berkshire payment;41088;Uruguayo Handmade;customized Concrete;2022-06-30;2022-06-29
